Id,Designator,Footprint,Quantity,Comment,Supplier and ref
1,"R11,R10,R9,R8",R_0603_1608Metric,4,330,
2,"D4,D3,D2,D1",LED_0603_1608Metric,4,LED,
3,"C2,C5,C17,C4,C6,C7,C11,C12,C3,C9,C8",C_0402_1005Metric,11,0.1uF,
4,"R4,R3",R_0402_1005Metric,2,27,
5,"C14,C13",C_0603_1608Metric,2,10uF,
6,"C10,C1",C_0402_1005Metric,2,1uF,
7,"R6,R5",R_0402_1005Metric,2,1k,
8,"J3,J2",PinHeader_1x20_P2.54mm_Vertical,2,Conn_01x20,
9,PWR,SOT-23,1,MCP1700x-330xxTT,
10,J4,PinHeader_1x03_P2.54mm_Vertical,1,Conn_01x03,
11,"C15,C16",C_0402_1005Metric,2,33pF,
12,RESET,SW_Push_SPST_NO_Alps_SKRK,1,SW_Push,
13,CLK,Crystal_SMD_3225-4Pin_3.2x2.5mm,1,12 MHz,
14,"R1,R2",R_0402_1005Metric,2,5.1K,
15,R7,R_0402_1005Metric,1,10k,
16,U3,Winbond_USON-8-1EP_3x2mm_P0.5mm_EP0.2x1.6mm,1,W25Q16JVSS,
17,RP2040,QFN-56-1EP_7x7mm_P0.4mm_EP3.2x3.2mm,1,RP2040,
18,USB,USB_C_Receptacle_HRO_TYPE-C-31-M-12,1,USB_C_Receptacle_USB2.0_14P,