Designator,Val,Package,Mid X,Mid Y,Rotation,Layer
C1,1uF,C_0402_1005Metric,105.085589,-49.139411,45,top
C2,0.1uF,C_0402_1005Metric,102.8,-59.47,-90,top
C3,0.1uF,C_0402_1005Metric,94.8,-55,180,top
C4,0.1uF,C_0402_1005Metric,95.2,-50.5,180,top
C5,0.1uF,C_0402_1005Metric,103.65,-49.13,90,top
C6,0.1uF,C_0402_1005Metric,100.6,-46.095,90,top
C7,0.1uF,C_0402_1005Metric,101.575,-45.67,90,top
C8,0.1uF,C_0402_1005Metric,105.055,-50.575,0,top
C9,0.1uF,C_0402_1005Metric,106.02,-55,0,top
C10,1uF,C_0402_1005Metric,99.65,-45.17,90,top
C11,0.1uF,C_0402_1005Metric,102.7,-48.87,90,top
C12,0.1uF,C_0402_1005Metric,103.825,-59.455,-90,top
C13,10uF,C_0603_1608Metric,96.6,-33.125,180,top
C14,10uF,C_0603_1608Metric,97.475,-38.575,180,top
C15,33pF,C_0402_1005Metric,97.5,-61.5,-90,top
C16,33pF,C_0402_1005Metric,102.8,-61.52,90,top
C17,0.1uF,C_0402_1005Metric,98.005,-45.2,180,top
CLK,12 MHz,Crystal_SMD_3225-4Pin_3.2x2.5mm,100.15,-61.35,180,top
J4,Conn_01x03,PinHeader_1x03_P2.54mm_Vertical,97.46,-73.89,90,top
L,Conn_01x20,PinHeader_1x20_P2.54mm_Vertical,91.11,-25.87,0,top
Mem,W25Q16JVSS,Winbond_USON-8-1EP_3x2mm_P0.5mm_EP0.2x1.6mm,97.025,-46.95,0,top
PD,MCP1700x-330xxTT,SOT-23,97.475,-35.8875,90,top
R,Conn_01x20,PinHeader_1x20_P2.54mm_Vertical,108.89,-25.87,0,top
R1,5.1K,R_0402_1005Metric,98.675,-33.990001,-90,top
R2,5.1K,R_0402_1005Metric,101.55,-33.284999,-90,top
R3,27,R_0402_1005Metric,100.675,-48.715001,90,top
R4,27,R_0402_1005Metric,101.725,-48.715001,90,top
R5,1k,R_0402_1005Metric,101.24,-59,180,top
R6,1k,R_0402_1005Metric,95.3,-43.75,90,top
R7,10k,R_0402_1005Metric,96.065001,-45.2,180,top
RESET,SW_Push,SW_Push_SPST_NO_Alps_SKRK,97.525,-41.05,180,top
RP2040,RP2040,QFN-56-1EP_7x7mm_P0.4mm_EP3.2x3.2mm,100,-54,0,top
USBC,USB_C_Receptacle_USB2.0_14P,USB_C_Receptacle_HRO_TYPE-C-31-M-12,100,-27,180,top