Id,Designator,Footprint,Quantity,Comment,Supplier and ref
1,"C5,C17,C11,C4,C9,C3,C12,C8,C7,C6,C2",C_0402_1005Metric,11,0.1uF,
2,"C14,C13",C_0603_1608Metric,2,10uF,
3,"R4,R3",R_0402_1005Metric,2,27,
4,Mem,Winbond_USON-8-1EP_3x2mm_P0.5mm_EP0.2x1.6mm,1,W25Q16JVSS,
5,"C1,C10",C_0402_1005Metric,2,1uF,
6,RP2040,QFN-56-1EP_7x7mm_P0.4mm_EP3.2x3.2mm,1,RP2040,
7,"R5,R6",R_0402_1005Metric,2,1k,
8,R7,R_0402_1005Metric,1,10k,
9,PD,SOT-23,1,MCP1700x-330xxTT,
10,J4,PinHeader_1x03_P2.54mm_Vertical,1,Conn_01x03,
11,"R,L",PinHeader_1x20_P2.54mm_Vertical,2,Conn_01x20,
12,CLK,Crystal_SMD_3225-4Pin_3.2x2.5mm,1,12 MHz,
13,RESET,SW_Push_SPST_NO_Alps_SKRK,1,SW_Push,
14,"R2,R1",R_0402_1005Metric,2,5.1K,
15,USBC,USB_C_Receptacle_HRO_TYPE-C-31-M-12,1,USB_C_Receptacle_USB2.0_14P,
16,"C16,C15",C_0402_1005Metric,2,33pF,